SHA-1 Fingerprint SSL Certificates,Date Issued,Expiration Date
032b81932632de35c638fb3a162e61a859ec96a7,6/13/2019,6/10/2029
1d78109c682633a692d97e3a0e445ac346204eb4,6/13/2019,6/10/2029
3438ba29aa7326c06e2d0d1fdf4677fc3f890579,6/13/2019,6/10/2029
3a938bf9cdb34a50b10227e1452b3a2382f1cfbf,6/13/2019,6/10/2029
5dde5b3c50e897fa98daff8fe6bb90d0bccf7410,6/13/2019,6/10/2029
645b4017bb86b3cd9adf87d78b6c2cf32257332a,6/13/2019,6/10/2029
9749568682af219c4a7edc3f1f5e077fea3b3199,6/13/2019,6/10/2029
9ae317167849c02294b1d1f5cc42a26d1e112a0a,6/13/2019,6/10/2029
a2850e272e78d4ec72c3997593696a9201e6ea3a,6/13/2019,6/10/2029
fc6f3f7343bd028f7e9aefd5fc239a4456e08a24,6/13/2019,6/10/2029
341fba1927b3367bb562e2561047cca1b6e10355,11/6/2019,11/3/2029
97e07c31ae997c73d0bd5b989c4d457ec43222fe,11/6/2019,11/3/2029
c37c2e56aff660b1445105de510506c3a648b679,11/6/2019,11/3/2029
fe4aaacdf2d36691ca4065f59ea4103d73797830,11/6/2019,11/3/2029
78c911793dcd9011f99ffacd145fc31a4b8aed47,11/7/2019,11/4/2029
3781d0b7084bb8491b1c05f325252aebd0f41c86,11/20/2019,11/17/2029
3a243509406a802a25cb54b8c91f760a7818b053,11/20/2019,11/17/2029
561ba51b42834e4117caa2ccacc316f8842fdf2d,11/20/2019,11/17/2029
59d414fda0be25c2cc62c23f0cf73e992699e3d2,11/20/2019,11/17/2029
6a862edfafe169621fd0205ac4cdfb75e8d0237b,11/20/2019,11/17/2029
a10eeeb0e26224d330668ec0c17d71f0e45330df,11/20/2019,11/17/2029
2dbeb423407a5e465b3150c5cdc5037fe08f918c,1/10/2020,1/7/1930
dbea1a0ac979df94f04431e9a8b10a63d7881b6c,1/10/2020,1/7/1930
ed30a5645350a75de6ac80699a068444f6426929,1/10/2020,1/7/1930
5fdd710e8f514a30bd73ba466f5f36caa0e0b591,6/8/2020,6/6/1930
6df2b3368f17ac97060986ae83c1753af087e152,6/8/2020,6/6/1930
80b899d4ad0d0062357aa1fc64568602aed4a650,6/8/2020,6/6/1930
8689ec491dec95a72a56d5c61fbe396fc38f89c4,6/8/2020,6/6/1930
8f2d4b671412f4f110625374e379bd698bda5160,6/8/2020,6/6/1930
9ca27e887b6809ff2d41a936b1453e4da7ab1092,6/8/2020,6/6/1930
e0febc8fe7ff14bdb5d070f7510964b88473576f,6/8/2020,6/6/1930
f349504661e647fb7b431fa4934a8623cc1661d2,6/8/2020,6/6/1930
f7922b3b9bca298b41260100f45e93974e6f1eba,6/8/2020,6/6/1930
b842552d6f19fb05fc2283e015122878d459c60a,7/15/2020,7/13/1930
47bf0f22402bb85c33720ec1a9a5ed85412a69be,1/15/2021,1/13/1931
57efcc6b354bfb23e0dc4f6e828e0dd50905be4b,1/15/2021,1/13/1931
821c012e736a45ffca188f8f77d9e6a34c177bbf,1/15/2021,1/13/1931
9b85aed5497d7b63619494fe5780e10cd564db15,1/15/2021,1/13/1931
a1930fef8f879fadf218661967d7ec97f048d1c0,1/15/2021,1/13/1931
c008fda4b34dfcdf35faf0ad7850ccece13fdd10,1/15/2021,1/13/1931
d5a7f453a577b2d38b0adf26612e6a4197dea064,1/15/2021,1/13/1931
fde64cec72d21dbfad2d29aed997bea562912245,1/15/2021,1/13/1931
14cfe6615b4198d7c948ad32b9a16a73e00a42b3,1/18/2021,1/16/1931
1db4a62936f13aa12d56bbf48811ba0d12cb43e1,1/18/2021,1/16/1931
713a6024f483b6669798a1666962ca9b842f0d30,1/18/2021,1/16/1931
8d374b3e19afa0321f7dfef64990d0940f77ae86,1/18/2021,1/16/1931
9a7bc345225dfc8ef4c06ab6741345f44cc3eede,1/18/2021,1/16/1931
223ef00e4c351831ab12f986b8b205f8d845ecee,1/20/2021,1/18/1931
4005125d4d437b91e9531e7397233d5e1cbfbee3,1/20/2021,1/18/1931
4510ef44b806ed718f7c87d6993a4cb22e93000d,1/20/2021,1/18/1931
49d89c7f1b304d7f12ccf0a7d6cbea830e44c4f9,1/20/2021,1/18/1931
5ea1e512c0d3708cafef682fffc84d193ec36add,1/20/2021,1/18/1931
7350e6fa073c65ac8e7f26aead5e84792e358910,1/20/2021,1/18/1931
a397af8074cc1a19d57cbaf0230b1b7c9880ddbf,1/20/2021,1/18/1931
7339f3584a2d8d63e3b78136d530dda6ab3b6749,2/10/2021,2/8/1931
408da97d8e4911b2461b44792dc7c2c253efc91f,12/20/2021,12/18/1931
88ca87a3b38080d85690538f3dfe7843eefbce19,12/20/2021,12/18/1931
